#,HeatGridFailure,"Crisi della rete elettrica","Il caldo estremo ha sovraccaricato la rete elettrica, causando blackout diffusi e rabbia tra i cittadini."
#,EnergyPriceSpike,"Impennata dei prezzi energetici","Un brusco aumento dei prezzi dell'energia mette in difficolta' le famiglie e indebolisce la fiducia delle imprese."
#,RentStrikeWave,"Ondata di scioperi degli affitti","Gli inquilini delle principali citta' hanno avviato scioperi coordinati contro costi abitativi ormai insostenibili."
#,MortgageStress,"Crisi dei mutui","L'aumento del costo del credito ha spinto le famiglie con un mutuo in gravi difficolta' finanziarie."
#,AILayoffBacklash,"Proteste contro i licenziamenti dell'IA","I rapidi licenziamenti causati dall'automazione hanno scatenato proteste e ostilita' verso il settore tecnologico."
#,DeepfakeScandal,"Scandalo deepfake","Un video falso ma convincente si e' diffuso nel paese, danneggiando la fiducia nel governo e nei media digitali."
#,BorderProcessingCollapse,"Crollo delle procedure di frontiera","Le strutture di frontiera sovraccariche non riescono piu' a gestire gli arrivi in modo sicuro e tempestivo."
#,HospitalWinterCrisis,"Crisi invernale degli ospedali","Gli ospedali sono travolti dalla domanda invernale, con lunghe attese e personale sotto estrema pressione."
#,CropFailureDrought,"Raccolti distrutti dalla siccita'","La siccita' ha rovinato i raccolti: prezzi del cibo su e rabbia rurale."
#,CoastalFloodShock,"Shock alluvione costiera","Un'alluvione costiera ha colpito case, turismo e bilanci pubblici."
#,HomelessCampCrisis,"Crisi degli accampamenti","Gli accampamenti di senzatetto sono diventati un'emergenza di ordine e welfare."
#,LandlordExodus,"Fuga dei proprietari","I padroni di casa escono dal mercato degli affitti: offerta in crollo."
#,ReceptionCenterRiot,"Rivolta al centro di accoglienza","Violenze in un centro di accoglienza: caso nazionale sull'immigrazione."
#,SmugglerCorridorSpike,"Picco dei corridoi del traffico","Le rotte dei trafficanti sono esplose e i controlli di frontiera cedono."
#,PublicDataLeak,"Fuga di dati pubblici","Una grossa fuga di dati pubblici ha colpito la fiducia nella PA digitale."
#,AutomationStrike,"Sciopero contro l'automazione","I lavoratori scioperano contro l'automazione rapida nei posti di lavoro."
#,AmbulanceGridlock,"Collasso delle ambulanze","Le emergenze sono intasate: i tempi di attesa esplodono."
#,CareHomeOutbreak,"Focolaio nelle RSA","Un focolaio nelle RSA ha mostrato la fragilita' della cura anziani."
#,CostOfLivingMarch,"Marcia del costo della vita","Marce di massa contro il caro vita scuotono il governo."
#,EUFiscalWarning,"Richiamo fiscale UE","Bruxelles ha emesso un richiamo fiscale su debito e spesa."
