#,CarbonBorderAdjustment,"Dazio del carbonio alle frontiere","Colpisce le importazioni inquinanti. Taglia le emissioni, ma fa male a PIL, commercio e impresa."
#,GridStorageMandate,"Obbligo di accumulo elettrico","Investimento pesante sulla rete. Piu' stabilita' energetica, conto salato e impresa arrabbiata."
#,RenovationWaveSubsidies,"Sussidi per le ristrutturazioni","Ristrutturazioni di massa: clima e case migliori, buco di bilancio enorme e risultati lenti."
#,RentStabilizationAct,"Legge sulla stabilizzazione degli affitti","Blocca gli affitti: popolo e sinistra contenti, mercato immobiliare e PIL in frizione."
#,SocialHousingSurge,"Espansione dell'edilizia sociale","Edilizia pubblica aggressiva: meno senzatetto, costi folli e capitale privato contro."
#,AIWorkplaceAudit,"Verifica dell'IA sul lavoro","Frena i licenziamenti da IA. Meno disoccupazione, meno crescita tech e impresa furiosa."
#,PublicComputeCloud,"Cloud di calcolo pubblico","Mega-investimento pubblico nel calcolo. Tech su, debito e tasse percepiti subito."
#,PlatformDutyOfCare,"Dovere di diligenza delle piattaforme","Stringe le piattaforme. Piu' fiducia e meno fake news, ma tech e PIL ne risentono."
#,AsylumProcessingSurge,"Potenziamento delle procedure di asilo","Sblocca le pratiche di asilo a caro prezzo. Sinistra ok, destra e patrioti in rivolta."
#,SkillsVisaFastTrack,"Corsia rapida per i visti qualificati","Visti veloci per talenti: PIL e tech su, tensione migratoria e destra contro."
#,SurgicalWaitCap,"Tetto alle attese chirurgiche","Tempi chirurgici massimi di legge. Sanita' e popolarita' su, bilancio sotto stress."
#,PandemicStockpileLaw,"Legge sulle scorte pandemiche","Scorte obbligatorie: sistema sanitario piu' resistente, spesa continua e impresa contraria."
#,HeatPumpMandate,"Obbligo pompe di calore","Impone le pompe di calore. Taglia emissioni, colpisce famiglie e imprese."
#,AgriMethaneCap,"Tetto al metano agricolo","Limita il metano agricolo. Aiuta il clima, fa esplodere agricoltori e prezzi cibo."
#,IndustrialElectrificationFund,"Fondo elettrificazione industriale","Fondo enorme per elettrificare l'industria. Verde lento, debito veloce."
#,DroughtWaterRationing,"Razionamento idrico per siccita'","Limiti idrici d'emergenza. Agricoltori, turismo e poveri contro."
#,CoastalDefenseLevy,"Tassa difesa costiera","Finanzia opere costiere. Costa ora, riduce rischi climatici dopo."
#,NuclearLifeExtension,"Estensione vita nucleare","Prolunga i reattori. Energia su, verdi e liberali ostili."
#,VacancyTax,"Tassa sulle case vuote","Tassa gli immobili vuoti. Aiuta la casa, padroni di casa furiosi."
#,ShortTermRentalCap,"Tetto agli affitti brevi","Limita gli affitti brevi. Piu' case, meno turismo e rendite."
#,FirstHomeGuarantee,"Garanzia prima casa","Garanzia pubblica per la prima casa. Classe media contenta, debito su."
#,LandlordEnergyUpgradeDuty,"Obbligo efficientamento ai proprietari","Obbliga i proprietari a efficientare. Clima su, padroni in rivolta."
#,AntiEvictionMoratorium,"Moratoria sugli sfratti","Blocca gli sfratti. Poveri contenti, mercato immobiliare ghiacciato."
#,UrbanDensificationAct,"Legge sulla densificazione urbana","Impone edifici piu' densi. Piu' case, NIMBY suburbani contro."
