#,HeatGridFailure,Heat Grid Failure,"Extreme heat has overwhelmed the electricity grid, causing widespread outages and public anger."
#,EnergyPriceSpike,Energy Price Spike,"A sudden surge in energy prices is squeezing households and weakening business confidence."
#,RentStrikeWave,Rent Strike Wave,"Tenants across major cities have begun coordinated rent strikes as housing costs become unbearable."
#,MortgageStress,Mortgage Stress,"Rising borrowing costs have pushed heavily mortgaged households into severe financial distress."
#,AILayoffBacklash,AI Layoff Backlash,"Rapid automation-driven layoffs have triggered protests and a backlash against the technology sector."
#,DeepfakeScandal,Deepfake Scandal,"A convincing fabricated video has spread nationwide, damaging trust in government and digital media."
#,BorderProcessingCollapse,Border Processing Collapse,"Overloaded border facilities can no longer process arrivals safely or promptly, inflaming political tensions."
#,HospitalWinterCrisis,Hospital Winter Crisis,"Hospitals are overwhelmed by winter demand, leaving patients waiting and staff under extreme pressure."
#,CropFailureDrought,Crop Failure Drought,"Drought has destroyed harvests, pushing food prices up and rural anger higher."
#,CoastalFloodShock,Coastal Flood Shock,"A coastal flood has damaged homes, tourism and public finances."
#,HomelessCampCrisis,Homeless Camp Crisis,"Growing homeless camps have become a public-order and welfare flashpoint."
#,LandlordExodus,Landlord Exodus,"Landlords are exiting the rental market, shrinking housing supply fast."
#,ReceptionCenterRiot,Reception Center Riot,"Violence at a reception centre has ignited a national immigration row."
#,SmugglerCorridorSpike,Smuggler Corridor Spike,"Smuggling routes have surged, overwhelming border controls."
#,PublicDataLeak,Public Data Leak,"A major leak of public data has damaged trust in digital government."
#,AutomationStrike,Automation Strike,"Workers are striking against rapid workplace automation."
#,AmbulanceGridlock,Ambulance Gridlock,"Emergency services are gridlocked; waiting times are surging."
#,CareHomeOutbreak,Care Home Outbreak,"An outbreak in care homes has exposed elder-care fragility."
#,CostOfLivingMarch,Cost of Living March,"Mass marches against living costs are shaking the government."
#,EUFiscalWarning,EU Fiscal Warning,"Brussels has issued a fiscal warning over debt and spending."
