#,CarbonBorderAdjustment,Carbon Border Adjustment,"Imposes carbon costs on imports. Helps climate goals but raises prices and trade friction."
#,GridStorageMandate,Grid Storage Mandate,"Forces large-scale electricity storage. Expensive resilience against blackouts."
#,RenovationWaveSubsidies,Renovation Wave Subsidies,"Subsidises deep building renovations. Slow climate and housing-quality gains at high fiscal cost."
#,RentStabilizationAct,Rent Stabilization Act,"Caps rent growth. Popular with tenants; deters housing investment."
#,SocialHousingSurge,Social Housing Surge,"Mass public housebuilding. Heavy budget cost; slow relief for homelessness."
#,AIWorkplaceAudit,AI Workplace Audit,"Regulates automated layoffs. Softens backlash; slows tech adoption."
#,PublicComputeCloud,Public Compute Cloud,"State compute infrastructure. Long-run tech capacity; serious budget pressure."
#,PlatformDutyOfCare,Platform Duty of Care,"Holds platforms liable for harms. Trust gains; business and tech friction."
#,AsylumProcessingSurge,Asylum Processing Surge,"Funds rapid asylum processing capacity. Costly; reduces border-crisis severity."
#,SkillsVisaFastTrack,Skills Visa Fast Track,"Fast-track visas for scarce skills. Growth upside; migration politics heat up."
#,SurgicalWaitCap,Surgical Wait Cap,"Legal maximum waits for key surgeries. Popular and expensive."
#,PandemicStockpileLaw,Pandemic Stockpile Law,"Mandatory medical stockpiles. Ongoing cost; dampens health crises."
