,name,slider,flags,opposites,introduce,cancel,raise,lower,department,prereqs,mincost,maxcost,costfunction,cost multiplier,implementation,minincome,maxincome,incomefunction,incomemultiplier,nationalisation GDP percentage,,,,,,,,,,,,,,,,,,
#,CarbonBorderAdjustment,default,,,12,18,8,8,ECONOMY,_prereq_mod_eu,300,1800,0+(1.0*x),,5,0,0,0+(1.0*x),,,#Effects,"CO2Emissions,-0.02-(0.10*x),6","Environment,0.01+(0.08*x),6","InternationalTrade,-0.01-(0.10*x),4","GDP,-0.01-(0.04*x),4","ForeignRelations,-0.02-(0.07*x),4","Capitalist,-0.02-(0.08*x),4",,,,,,,,,,,
#,GridStorageMandate,default,,,10,16,7,8,ECONOMY,_prereq_mod_eu,600,3000,0+(1.0*x),,6,0,0,0+(1.0*x),,,#Effects,"EnergyEfficiency,0.02+(0.12*x),6","Environment,0.01+(0.08*x),6","CO2Emissions,-0.01-(0.07*x),6","GDP,-0.01-(0.05*x),4","Capitalist,-0.01-(0.06*x),4",,,,,,,,,,,,
#,RenovationWaveSubsidies,default,,,11,18,8,9,WELFARE,_prereq_mod_eu,900,5000,0+(1.0*x),,6,0,0,0+(1.0*x),,,#Effects,"Environment,0.01+(0.10*x),8","CO2Emissions,-0.01-(0.09*x),8","Homelessness,-0.01-(0.04*x),8","Unemployment,-0.01-(0.04*x),6","GDP,-0.01-(0.03*x),4","Capitalist,-0.01-(0.05*x),4",,,,,,,,,,,
#,RentStabilizationAct,default,,,9,17,7,9,WELFARE,_prereq_mod_eu,80,700,0+(1.0*x),,4,0,0,0+(1.0*x),,,#Effects,"Poor,0.02+(0.10*x),4","Socialist,0.02+(0.08*x),4","Homelessness,-0.02-(0.09*x),6","Capitalist,-0.05-(0.15*x),4","GDP,-0.01-(0.04*x),6",,,,,,,,,,,,
#,SocialHousingSurge,default,,,14,22,9,12,WELFARE,_prereq_mod_eu,1200,9000,0+(1.0*x),,6,0,0,0+(1.0*x),,,#Effects,"Homelessness,-0.04-(0.20*x),8","Poor,0.04+(0.14*x),6","Socialist,0.03+(0.12*x),6","Unemployment,-0.01-(0.05*x),6","GDP,-0.02-(0.05*x),4","Capitalist,-0.04-(0.10*x),4",,,,,,,,,,,
#,AIWorkplaceAudit,default,,,8,14,6,7,ECONOMY,_prereq_mod_eu,100,800,0+(1.0*x),,4,0,0,0+(1.0*x),,,#Effects,"Unemployment,-0.01-(0.05*x),6","Liberal,0.02+(0.07*x),4","Technology,-0.01-(0.07*x),6","Capitalist,-0.02-(0.08*x),4","GDP,-0.01-(0.02*x),4",,,,,,,,,,,,
#,PublicComputeCloud,default,,,14,21,9,11,ECONOMY,_prereq_mod_eu,1500,8000,0+(1.0*x),,6,0,0,0+(1.0*x),,,#Effects,"Technology,0.03+(0.18*x),8","GDP,0.01+(0.04*x),8","Unemployment,-0.01-(0.05*x),6","Capitalist,-0.04-(0.12*x),4",,,,,,,,,,,,,
#,PlatformDutyOfCare,default,,,10,16,7,8,LAWANDORDER,_prereq_mod_eu,120,900,0+(1.0*x),,4,0,0,0+(1.0*x),,,#Effects,"Liberal,0.02+(0.09*x),4","Technology,-0.01-(0.08*x),6","GDP,-0.01-(0.03*x),4","Capitalist,-0.03-(0.09*x),4",,,,,,,,,,,,,
#,AsylumProcessingSurge,default,,,12,19,8,10,FOREIGNPOLICY,_prereq_mod_eu,500,3500,0+(1.0*x),,5,0,0,0+(1.0*x),,,#Effects,"Immigration,-0.01-(0.08*x),6","ForeignRelations,0.01+(0.06*x),6","Liberal,0.02+(0.06*x),4","Conservatives,-0.03-(0.10*x),4","GDP,-0.01-(0.03*x),4",,,,,,,,,,,,
#,SkillsVisaFastTrack,default,,,9,15,6,7,FOREIGNPOLICY,_prereq_mod_eu,100,700,0+(1.0*x),,4,0,0,0+(1.0*x),,,#Effects,"GDP,0.01+(0.05*x),6","Technology,0.01+(0.07*x),6","Unemployment,-0.01-(0.04*x),4","Immigration,0.02+(0.09*x),4","Conservatives,-0.03-(0.09*x),4",,,,,,,,,,,,
#,SurgicalWaitCap,default,,,13,20,9,11,PUBLICSERVICES,_prereq_mod_eu,1000,7000,0+(1.0*x),,5,0,0,0+(1.0*x),,,#Effects,"Health,0.03+(0.16*x),6","Poor,0.02+(0.08*x),4","Liberal,0.01+(0.05*x),4","GDP,-0.02-(0.06*x),4","Capitalist,-0.02-(0.06*x),4",,,,,,,,,,,,
#,PandemicStockpileLaw,default,,,10,17,7,9,PUBLICSERVICES,_prereq_mod_eu,300,2200,0+(1.0*x),,5,0,0,0+(1.0*x),,,#Effects,"Health,0.02+(0.12*x),6","Unemployment,-0.01-(0.03*x),4","GDP,-0.01-(0.04*x),4","Capitalist,-0.01-(0.05*x),4",,,,,,,,,,,,,
